filename,subject_id,signal_disease,identifier
repertoires/repertoire_54.npy,54,False,b67608a2ffad47cdb03b96da41fb36fb
repertoires/repertoire_53.npy,53,False,771cde80cb5d4b4d8a4847de8bf921fe
repertoires/repertoire_10.npy,10,True,21e0ae9af540407495e472d49429c002
repertoires/repertoire_82.npy,82,False,4278b9c302c24dfab76ff7dad228a7ab
repertoires/repertoire_76.npy,76,False,d9d206701603474d9a8dc5d0a79b5e9e
repertoires/repertoire_48.npy,48,True,7de3ba63e39c4d5fbcb1eba806d42c36
repertoires/repertoire_67.npy,67,False,de4f88d88cbd41a7b0163919c3956ce6
repertoires/repertoire_52.npy,52,False,8337b61dc40c45d584d2cfc34830e43e
repertoires/repertoire_92.npy,92,False,b66be5644e544664af86df2b4a3f85f7
repertoires/repertoire_40.npy,40,True,7402ffedbc494c3896cb9c2496733ff4
repertoires/repertoire_72.npy,72,False,c747de5e85b54aa5969988d07e5d4866
repertoires/repertoire_5.npy,5,True,697bfb2f64454d2889abc6fe24058853
repertoires/repertoire_85.npy,85,False,dafc8a19875f4318b207ff283df3b0f9
repertoires/repertoire_73.npy,73,False,21466b823d584d4685e0265cca017362
repertoires/repertoire_12.npy,12,True,b54370b559864195b6071132b78edd66
repertoires/repertoire_11.npy,11,True,81557482068a4463b0ebe9659ac3b737
repertoires/repertoire_55.npy,55,False,a1cc61352cd34c75bfe5b1de96eac70f
repertoires/repertoire_21.npy,21,True,cee9c331201a4722b76750d46739b37a
repertoires/repertoire_16.npy,16,True,7bfd781414a4495f9cd71a9bb85d0883
repertoires/repertoire_63.npy,63,False,41d20196666a4280bb9f2c2ac2c60a7d
repertoires/repertoire_90.npy,90,False,40e7cadf4bc54069981682fb1c4cc2d3
repertoires/repertoire_8.npy,8,True,a044f7b9eb184e1bb14816dc64dc2cd3
repertoires/repertoire_81.npy,81,False,2c456a72aeaa4df2b6a13ebeaa2b9a73
repertoires/repertoire_25.npy,25,True,4fddf1c502344bb2a68f8595819d32dd
repertoires/repertoire_99.npy,99,False,5a1e8ca63a9245eea3ab6828c91a7350
repertoires/repertoire_95.npy,95,False,ad207520699746b0a483ce626efa2f1c
repertoires/repertoire_29.npy,29,True,e58fea9af2614d0693a8d339c9e8709b
repertoires/repertoire_19.npy,19,True,c28e8ea036c24ddf8ec1351452856a98
repertoires/repertoire_41.npy,41,True,f06a15185dc14441bdba760237ea4a3b
repertoires/repertoire_66.npy,66,False,e640f732c61b4caca10c4c1d9b9b6a3f
repertoires/repertoire_42.npy,42,True,e8e94eaf8994407d86324376f17e2efa
repertoires/repertoire_96.npy,96,False,eb9aa4b0ad374fc3842673e376b0fef6
repertoires/repertoire_98.npy,98,False,b0c573906c714156af08d92dc178e602
repertoires/repertoire_3.npy,3,True,ea1a5dbc3fec4ada99e3ae5d37848d2b
repertoires/repertoire_65.npy,65,False,42c082cbc8494cad97b1b12d4778891a
repertoires/repertoire_59.npy,59,False,1ff446712fc44104ac13834da76a622a
repertoires/repertoire_100.npy,100,False,76387984d46e42018280610063237923
repertoires/repertoire_83.npy,83,False,bf307cd5c41f41f69d60e2984f238242
repertoires/repertoire_1.npy,1,True,ca49f9637a62404eaa95c3b8d35a0355
repertoires/repertoire_74.npy,74,False,0711bd5a46224d328489cfe2f875068d
repertoires/repertoire_91.npy,91,False,85b71e426c6546f1b2bfda63cda2b40d
repertoires/repertoire_84.npy,84,False,db9ed252605a40bd9b9f55a1aadee960
repertoires/repertoire_70.npy,70,False,0d41a31e2c4847bc9e522b9e62f24145
repertoires/repertoire_50.npy,50,True,f43b0fcac8bb4ee988c05049aaac00e2
repertoires/repertoire_4.npy,4,True,2acf3a18ab164c2295d9969726089f47
repertoires/repertoire_49.npy,49,True,ac5c36a262874fcf89d12b79b024da00
repertoires/repertoire_18.npy,18,True,15667553e5e04e41aecd70f341980435
repertoires/repertoire_24.npy,24,True,f55f880800674ea9985f0ac8bf72559f
repertoires/repertoire_97.npy,97,False,390e94e570104b1489630499d17d2047
repertoires/repertoire_51.npy,51,False,bf8aa2a859aa4f6ca974c10286df7839
repertoires/repertoire_2.npy,2,True,58bbedff41ba4e32ae77b361a085640a
repertoires/repertoire_35.npy,35,True,ce1d96c3ad244304a950f11a3f632a22
repertoires/repertoire_58.npy,58,False,cacf68b523ab4aa691de513e79052532
repertoires/repertoire_94.npy,94,False,f74898bd5de14bee90c23cd078262016
repertoires/repertoire_26.npy,26,True,3419cad112e0483a9c6f656ff87b32f2
repertoires/repertoire_37.npy,37,True,18d3f8c2317e4ef3a3fc238398c0db94
repertoires/repertoire_61.npy,61,False,b935f3fbf8534bc1aeed089022101674
repertoires/repertoire_36.npy,36,True,a001c0b1e46c4501a4a9f99c332da460
repertoires/repertoire_23.npy,23,True,a637f1077ca942f6b4183ee14e71ea5e
repertoires/repertoire_43.npy,43,True,070629400eae417bb87ede7381a6c318
repertoires/repertoire_87.npy,87,False,85b16c82634b48c8a6d3aa841a311bfe
repertoires/repertoire_32.npy,32,True,30a804c6d0a0427c942559a9f4bccfdb
repertoires/repertoire_46.npy,46,True,3267a807aae941dc9caa55532568d6a9
repertoires/repertoire_69.npy,69,False,8839e237873d401882b9b89149e9d4a4
repertoires/repertoire_22.npy,22,True,af333be96933457aa0c2af8ef9bc9d20
repertoires/repertoire_17.npy,17,True,c53d8ce2cdc44a0783615945319e50bd
repertoires/repertoire_78.npy,78,False,e00c0ba7dcec4478bd63f8190177b3c6
repertoires/repertoire_44.npy,44,True,e1b41e78fa1945aa87d9deb23add4efd
repertoires/repertoire_86.npy,86,False,249423d4c0004863b27af62e807d0b2b
repertoires/repertoire_33.npy,33,True,2e9de4c563c14a2ebc5685df2212ec9b
